pmcid	pmid	location	num_identified_IMRaD_categories	sentence_id	total_sentences	citation	progression	has_reference	has_number	has_capsword	citation_length	nof_words	word_length	section_id	section_position	IMRaD	split	section_header	xml_section_order	xml_section_id	match_score	matched	match_status
PMC5158097	27990461	body	4	1	115	In 2000-2004, tobacco was related to 443,000 deaths, 5.1 million years of potential life lost, and $96 billion in healthcare expenditures in the US [  ].	0.87	T	T	T	2.18752072083646	1.32221929473392	4.92537313432836	7	0	I	train	1. Introduction	1	S6	100.0	True	matched
PMC5158097	27990461	body	4	2	115	Tobacco use trends have changed.	1.74	F	F	F	1.51851393987789	0.778151250383644	5.29411764705882	7	1	I	train	1. Introduction	1	S6	100.0	True	matched
PMC5158097	27990461	body	4	3	115	Smoking prevalence has steadily declined over the previous decades [ ,  ].	2.61	T	F	F	1.8750612633917	1.0	6.37362637362637	7	2	I	train	1. Introduction	1	S6	100.0	True	matched
PMC5158097	27990461	body	4	4	115	From 1991 to 2002, the number of people smoking 15 or more cigarettes per day (cpd) has fallen in the age groups of 18-29, 30-44, and 45-64 years [  ].	3.48	T	T	F	2.18184358794477	1.36172783601759	3.98190045248869	7	3	I	train	1. Introduction	1	S6	100.0	True	matched
PMC5158097	27990461	body	4	5	115	However, other smoking patterns are emerging and are referred to with various descriptors such as minimal smoking, light smoking, low-rate smoking, intermittent smoking, and chipping [ ,  ].	4.35	T	F	F	2.28103336724773	1.43136376415899	5.82375478927203	7	4	I	train	1. Introduction	1	S6	100.0	True	matched
PMC5158097	27990461	body	4	32	115	This study was acknowledged by the West Virginia University Institutional Review Board (protocol 1507767430).	27.83	F	T	F	2.04139268515822	1.14612803567824	6.33587786259542	8	0	M	train	2. Method	2	S7	100.0	True	matched
PMC5158097	27990461	body	4	33	115	The data source was the National Longitudinal Study of Adolescent Health, 1994-2008, Waves I and IV.	28.7	F	T	T	2.00432137378264	1.20411998265592	4.83443708609272	8	1	M	train	2. Method	2	S7	100.0	True	matched
PMC5158097	27990461	body	4	34	115	The National Longitudinal Study of Adolescent Health was a nationally representative study of US adolescents in grades 7-12 in 1994-5 (Wave I of the study), with 3 follow-ups.	29.57	F	T	T	2.24551266781415	1.43136376415899	5.05747126436782	8	2	M	train	2. Method	2	S7	100.0	True	matched
PMC5158097	27990461	body	4	35	115	For Wave I, the researchers used a stratified cluster design to select students from 80 high schools and 52 additional feeder schools who attended school on the day that the researchers provided the questionnaire.	30.43	F	T	F	2.33041377334919	1.51851393987789	5.42056074766355	8	3	M	train	2. Method	2	S7	100.0	True	matched
PMC5158097	27990461	body	4	36	115	There were 6,504 adolescents in Wave I and 5,114 adolescents in Wave IV.	31.3	F	T	T	1.86332286012046	1.07918124604762	4.41441441441441	8	4	M	train	2. Method	2	S7	100.0	True	matched
PMC5158097	27990461	body	4	65	115	The sample size of the study was 5,077 participants.	56.52	F	T	F	1.72427586960079	0.954242509439325	4.69135802469136	9	0	R	train	3. Results	3	S13	100.0	True	matched
PMC5158097	27990461	body	4	66	115	Details of the sample characteristics are in Table 1.	57.39	F	T	F	1.73239375982297	0.954242509439325	5.30864197530864	9	1	R	train	3. Results	3	S13	100.0	True	matched
PMC5158097	27990461	body	4	67	115	In summary, there were 1,187 (25.1%) participants ages 11-14 years, 1,780 (34.7%) participants ages, 15-1 6 years, and 2,107 (40.2%) participants 17 years and above at the beginning of the National Longitudinal Study of Adolescents to Adult Health. The sample was 50.4% male, 70.1% non-Hispanic white, and 76.5% normal weight.	58.26	F	T	F	2.51454775266029	1.5910646070265	5.38057742782152	9	2	R	train	3. Results	3	S13	100.0	True	matched
PMC5158097	27990461	body	4	68	115	There were 74.1% of adolescents who reported enough sleep and 68.3% who reported having a dental visit within the previous year.	59.13	F	T	F	2.11058971029925	1.30102999566398	5.07853403141361	9	3	R	train	3. Results	3	S13	100.0	True	matched
PMC5158097	27990461	body	4	69	115	One-fourth (25.2%) reported exercising at least 5 times a week, and over one half (54.3%) reported having nonsmokers as their three close friends.	60.0	F	T	F	2.16731733474818	1.34242268082221	5.02369668246445	9	4	R	train	3. Results	3	S13	100.0	True	matched
PMC5158097	27990461	body	4	82	115	The purpose of this study was to examine the association between the light smoking behavioral pattern in adolescence with smoking in young adulthood.	71.3	F	F	F	2.17609125905568	1.38021124171161	5.45454545454545	10	0	D	train	4. Discussion	4	S14	100.0	True	matched
PMC5158097	27990461	body	4	83	115	Smoking behavioral patterns in the study sample at baseline were 15.9% light smoking, 6.8% average smoking, and 3.6% heavy smoking.	72.17	F	T	F	2.12057393120585	1.25527250510331	5.6140350877193	10	1	D	train	4. Discussion	4	S14	100.0	True	matched
PMC5158097	27990461	body	4	84	115	In the Wave IV follow-up, there were 38.4% young adults who smoked.	73.04	F	T	T	1.83250891270624	1.11394335230684	3.96694214876033	10	2	D	train	4. Discussion	4	S14	100.0	True	matched
PMC5158097	27990461	body	4	85	115	In logistic regression analysis, adolescents with a light smoking behavioral pattern had an AOR of 2.45 (95%CI: 2.00, 3.00) to becoming young adults who smoked.	73.91	F	T	T	2.20682587603185	1.36172783601759	5.20361990950226	10	3	D	train	4. Discussion	4	S14	100.0	True	matched
PMC5158097	27990461	body	4	86	115	The AOR for adolescent with average and heavy smoking behavioral patterns were 5.57 (95% CI: 4.17, 7.43) and 5.23 (95% CI: 3.29, 8.31), respectively.	74.78	F	T	T	2.17609125905568	1.23044892137827	5.3416149068323	10	4	D	train	4. Discussion	4	S14	100.0	True	matched
PMC6358147	30740016	body	4	1	159	Intake fraction ( iF ) characterizes the emission-to-exposure relationship (  ).	0.63	T	F	F	1.90848501887865	1.0	6.81318681318681	17	0	I	train	Introduction	1	sec1	100.0	True	matched
PMC6358147	30740016	body	4	2	159	It is defined as the ratio of the mass of pollutant inhaled by the exposed population and the mass of pollutant emitted by a given source or by a specified category of emission sources (  ;  ;  ;  ).	1.26	T	F	F	2.30102999566398	1.54406804435028	4.42815249266862	17	1	I	train	Introduction	1	sec1	100.0	True	matched
PMC6358147	30740016	body	4	3	159	It depends on several factors, such as (  ) the exposed population size and its spatial density, the distance between the source and the receptor domains, the meteorological conditions controlling pollution dispersion, the pollutant persistence, the urban morphology (  ), and the chemical and physical transformation (secondary pollutant formation).	1.89	T	F	F	2.54530711646582	1.66275783168157	6.36363636363636	17	2	I	train	Introduction	1	sec1	100.0	True	matched
PMC6358147	30740016	body	4	4	159	On the other hand, iF is attributed to the unit emission because its value is normalized.	2.52	F	F	F	1.95424250943932	1.23044892137827	4.47204968944099	17	3	I	train	Introduction	1	sec1	100.0	True	matched
PMC6358147	30740016	body	4	5	159	Intake fraction is dimensionless, often expressed in [ppm], where 1 ppm means 1 mg inhaled for 1 kg emitted (  ;  ;  ).	3.14	T	T	F	2.07918124604762	1.23044892137827	5.09316770186335	17	4	I	train	Introduction	1	sec1	100.0	True	matched
PMC6358147	30740016	body	4	20	159	The study area, about 520 km 2 within the administrative borders of Warsaw, Poland, and the total population of 1 715 517 inhabitants (  ;  ), is shown in Fig. 1 a. Air quality in Warsaw is mainly determined by two categories of emission sources, the domestic combustion and the traffic.	12.58	T	T	F	2.45939248775923	1.63346845557959	5.03562945368171	18	0	M	train	Materials and methods	2	sec2	88.93	True	matched
PMC6358147	30740016	body	4	21	159	These are the principal sources of particulate matter (PM), including its fine fraction - PM 2.5, which is mainly responsible for air pollution-associated mortality (  ;  ;  ).	13.21	T	T	T	2.24797326636181	1.38021124171161	5.71428571428571	18	1	M	train	Materials and methods	2	sec2	88.93	True	matched
PMC6358147	30740016	body	4	22	159	The coal combustion is the main energy source (electricity/heat) in Poland (85%).	13.84	F	T	F	1.91381385238372	1.11394335230684	5.04132231404959	18	2	M	train	Materials and methods	2	sec2	88.93	True	matched
PMC6358147	30740016	body	4	23	159	Coal is also used for domestic heating in the peripheral districts of Warsaw as well as in the neighboring municipal areas, while the district heating system covers the central part of the city.	14.47	F	F	F	2.29003461136252	1.53147891704226	4.83383685800604	18	3	M	train	Materials and methods	2	sec2	88.93	True	matched
PMC6358147	30740016	body	4	24	159	Road transport, due to high and steadily increasing traffic intensity in Warsaw (  ), is another emission category influencing air quality.	15.09	T	F	F	2.14612803567824	1.30102999566398	5.91623036649215	18	4	M	train	Materials and methods	2	sec2	88.93	True	matched
PMC6358147	30740016	body	4	54	159	Table 1 presents the aggregated intake fractions ( i F ) k and the related total emissions Q k, computed for each emission category and all pollutants discussed in this study for Warsaw only receptor area.	33.96	F	T	F	2.31386722036915	1.53147891704226	4.98489425981873	19	0	R	train	Results and discussion	3	sec3	100.0	True	matched
PMC6358147	30740016	body	4	55	159	Generally, the aggregated iF s characterize the assigned emission category: being low for the high point sources and increase successively for the low point, area, and line sources, respectively.	34.59	F	F	F	2.29225607135648	1.47712125471966	5.53264604810997	19	1	R	train	Results and discussion	3	sec3	100.0	True	matched
PMC6358147	30740016	body	4	56	159	The low iF s for the high point sources are mainly due to high stacks of the power plants (50-300 m) in this category, due to which most of the emitted pollutants are transported outside the study area.	35.22	F	T	F	2.30749603791321	1.57978359661681	4.17789757412399	19	2	R	train	Results and discussion	3	sec3	100.0	True	matched
PMC6358147	30740016	body	4	57	159	The iF s for the low point sources are higher, as the stacks are significantly lower and larger fraction of pollutants stay within the study area.	35.85	F	F	F	2.16731733474818	1.43136376415899	4.55938697318008	19	3	R	train	Results and discussion	3	sec3	100.0	True	matched
PMC6358147	30740016	body	4	58	159	The changes of the iF estimates (between the pollution types) for the main pollutants in both categories are very small: within 1-2 ppm for high and 2-4 ppm for low point sources.	36.48	F	T	F	2.25527250510331	1.49136169383427	4.58471760797342	19	4	R	train	Results and discussion	3	sec3	100.0	True	matched
PMC6358147	30740016	body	4	134	159	In general, the most important factors influencing the intake fraction are, as stated above, source location (distance from the receptor domain in our case), urban morphology, density and size of the population exposed, meteorological conditions, pollutant persistence and transformations.	84.28	F	F	F	2.46239799789896	1.60205999132796	6.16368286445013	20	0	D	train	Concluding remarks	4	sec4	100.0	True	matched
PMC6358147	30740016	body	4	135	159	The elevation of the effective emission point is another important factor ( Fig. 3, Table 2 ).	84.91	F	T	F	1.97772360528885	1.14612803567824	5.41984732824428	20	1	D	train	Concluding remarks	4	sec4	100.0	True	matched
PMC6358147	30740016	body	4	136	159	As a rule, iF values (mean, maximum, IQR) rise from high-, to low-point, area, and line sources, respectively.	85.53	F	F	T	2.04532297878666	1.30102999566398	4.24083769633508	20	2	D	train	Concluding remarks	4	sec4	100.0	True	matched
PMC6358147	30740016	body	4	137	159	The iF estimates are defined for the unit emission rate, hence they do not depend on the emission strength.	86.16	F	F	F	2.03342375548695	1.30102999566398	4.55497382198953	20	3	D	train	Concluding remarks	4	sec4	100.0	True	matched
PMC6358147	30740016	body	4	138	159	Small emitters, like the specific source mentioned above (Section 3.2 ), when emitting at a low height and located in a densely populated area, may have a high iF value.	86.79	F	T	F	2.23044892137827	1.46239799789896	4.66192170818505	20	4	D	train	Concluding remarks	4	sec4	100.0	True	matched
PMC6358147	30740016	body	4	159	159	The authors certify that they have no conflict of interest concerning the subject matter or materials discussed in the manuscript.	100.0	F	F	F	2.11727129565576	1.32221929473392	5.4726368159204	21	0	NoIMRaD	train	Conflict of interest statement	5	sec5	100.0	True	matched
PMC3688323	23794950	body	4	1	179	Arthropods and their natural enemies are embedded in a complex web of interactions.	0.56	F	F	F	1.92427928606188	1.14612803567824	5.34351145038168	25	0	I	train	Introduction	1		100.0	True	matched
PMC3688323	23794950	body	4	2	179	Two species can be directly involved in a trophic interaction, indirectly by competing for a joint resource or in a combination of both.	1.12	F	F	F	2.13672056715641	1.38021124171161	4.84848484848485	25	1	I	train	Introduction	1		100.0	True	matched
PMC3688323	23794950	body	4	3	179	Intraguild predation describes a situation when predators, parasitoids or pathogens share a host and are also engaged in a trophic interaction (  ), possibly resulting in the release of the host from regulation and therefore the interruption of biological control (  ).	1.68	T	F	F	2.43136376415899	1.5910646070265	5.74803149606299	25	2	I	train	Introduction	1		100.0	True	matched
PMC3688323	23794950	body	4	4	179	Other direct or indirect antagonistic interactions can arise when the population density of the host species is decreased to a point where transmission of a pathogen is interrupted, or when the nutritional quality of an infected host is altered, resulting in lower longevity, fecundity or the death of a parasitoid or predator (  ;  ;  ;  ;  ).	2.23	T	F	F	2.53781909507327	1.72427586960079	5.22072936660269	25	3	I	train	Introduction	1		100.0	True	matched
PMC3688323	23794950	body	4	5	179	By contrast, benefits for at least one of the interacting enemies of a host species may arise when parasitism enhances the susceptibility of the host to predation or when the action of a predator or parasitoid enhances the transmission of a pathogen by defecation of environmental stable life stages or vectoring the pathogen to susceptible hosts (  ;  ;  ;  ;  ).	2.79	T	F	F	2.56229286445647	1.75587485567249	5.16934046345811	25	4	I	train	Introduction	1		100.0	True	matched
PMC3688323	23794950	body	4	32	179	Lymantria dispar larvae of the New Jersey Standard Strain served as the host insect for all experiments outlined in the present study and as prey for C. sycophanta during the standard rearing procedure before and after the experiments.	17.88	F	F	F	2.37291200297011	1.5910646070265	5.14435695538058	26	0	M	train	Materials and methods	2		100.0	True	matched
PMC3688323	23794950	body	4	33	179	Egg masses were obtained from the USDA-APHIS Otis Method Development Center (Otis, Massachusetts).	18.44	F	F	T	1.99563519459755	1.17609125905568	5.74468085106383	26	1	M	train	Materials and methods	2		100.0	True	matched
PMC3688323	23794950	body	4	34	179	Regularly, larvae of L. dispar obtained from these egg masses were microscopically examined and confirmed to be free of microsporidian infections.	18.99	F	F	F	2.16731733474818	1.34242268082221	5.82938388625592	26	2	M	train	Materials and methods	2		100.0	True	matched
PMC3688323	23794950	body	4	35	179	Unless otherwise indicated, larvae were reared at a temperature of 24 : 18 degC (light : dark) under an LD 16 : 8 h photocycle individually or in small groups in plastic cups (50 or 250 mL, respectively) on a wheat germ diet (  ).	19.55	T	T	T	2.36361197989214	1.54406804435028	4.72140762463343	26	3	M	train	Materials and methods	2		100.0	True	matched
PMC3688323	23794950	body	4	36	179	Calosoma sycophanta beetles were obtained from the laboratory of Dr M. Kanat (Kahramanmaras SutcuImam University, Turkey) 2008 or from field collections in Bavaria (Germany) in 2009 and reared as described by ,  ) and .	20.11	T	T	F	2.34242268082221	1.49136169383427	5.54817275747508	26	4	M	train	Materials and methods	2		100.0	True	matched
PMC3688323	23794950	body	4	100	179	None of the beetles consumed more than four of the five offered larvae of either prey type.	55.87	F	F	F	1.96378782734556	1.25527250510331	4.32748538011696	27	0	R	train	Results	3		100.0	True	matched
PMC3688323	23794950	body	4	101	179	Calosoma sycophanta beetles showed a significant preference for Vairimorpha -infected over uninfected larvae (one-sample t -test, t = 1.993, P < 0.05; Table 2 ).	56.42	F	T	F	2.20951501454263	1.32221929473392	5.77114427860696	27	1	R	train	Results	3		100.0	True	matched
PMC3688323	23794950	body	4	102	179	On average, they consumed approximately twice as many infected as uninfected larvae.	56.98	F	F	F	1.92941892571429	1.11394335230684	5.86776859504132	27	2	R	train	Results	3		100.0	True	matched
PMC3688323	23794950	body	4	103	179	When C. sycophanta adults were offered the choice between uninfected and Nosema -infected larvae, they consumed approximately one larva of each prey type and did not show any significant preference for either prey type (one-sample t -test, t = 0.296, P > 0.05; Table 2 ).	57.54	F	T	F	2.4345689040342	1.6232492903979	4.93917274939173	27	3	R	train	Results	3		100.0	True	matched
PMC3688323	23794950	body	4	104	179	None of the tested beetles became infected with either microsporidian species.	58.1	F	F	F	1.89762709129044	1.07918124604762	6.03603603603604	27	4	R	train	Results	3		100.0	True	matched
PMC3688323	23794950	body	4	129	179	Although there are a number of studies that consider the interactions of microsporidian pathogens and parasitoids sharing a host (  ), very few studies have investigated the interactions between predators and microsporidia feeding on the same host species (  ;  ).	72.07	T	F	F	2.42324587393681	1.56820172406699	5.92797783933518	28	0	D	train	Discussion	4		95.18	True	matched
PMC3688323	23794950	body	4	130	179	When Nosema (= Anncaliia ) algerae was fed to predators of mosquitoes, one of the nine tested predatory species, Notonecta undulate (Hemiptera), became infected (  ).	72.63	T	F	F	2.22271647114758	1.36172783601759	5.83710407239819	28	1	D	train	Discussion	4		95.18	True	matched
PMC3688323	23794950	body	4	131	179	In a more extensive study,  reported that the spined soldier bug Podisus maculiventris disseminated spores of Vairimorpha necatrix on tomato plants with their faeces, thereby causing the reduced survival of Lacanobia oleracea and Spodoptera littoralis larvae by 61% and 75%, respectively.	73.18	T	T	F	2.46089784275655	1.60205999132796	6.0613810741688	28	2	D	train	Discussion	4		95.18	True	matched
PMC3688323	23794950	body	4	132	179	They concluded that P. maculiventris is a very effective disseminator of V. necatrix and might be useful for introducing this pathogen into a pest population and for enhancing the effectiveness of this biological control agent.	73.74	F	F	F	2.35793484700045	1.55630250076729	5.41310541310541	28	3	D	train	Discussion	4		95.18	True	matched
PMC3688323	23794950	body	4	133	179	The present study shows that a predator such as C. sycophanta can influence the host-pathogen interaction of L. dispar and its microsporidia at a small scale and that C. sycophanta itself is not infected by the microsporidian pathogens.	74.3	F	F	F	2.3747483460101	1.60205999132796	4.9616368286445	28	4	D	train	Discussion	4		95.18	True	matched
PMC5433072	28515946	body	4	1	181	Currently, most of the housing in Korea is communal, and floor impact sound (FIS) between levels is as an important societal issue.	0.55	F	F	T	2.12057393120585	1.36172783601759	4.75113122171946	35	0	I	train	Background	1	Sec1	100.0	True	matched
PMC5433072	28515946	body	4	2	181	According to the 2014 Korean Housing Survey conducted by the Ministry of Land, Infrastructure and Transport, the proportion of communal housing exceeded one half of all housing units (59.2%), including 49.6% for apartments, 3.4% for townhouses and 6.2% for multi-family housing units [  ].	1.1	T	T	F	2.46239799789896	1.5910646070265	5.59055118110236	35	1	I	train	Background	1	Sec1	100.0	True	matched
PMC5433072	28515946	body	4	3	181	In addition, the 2013 data available from the Korea Research Institute for Human Settlements showed that the rate of settling in a communal housing type including apartments reached as high as 89.9% of all new constructions; thus, the proportion of communal housing units is expected to increase further.	1.66	F	T	F	2.48429983934679	1.67209785793572	5.29284164859002	35	2	I	train	Background	1	Sec1	100.0	True	matched
PMC5433072	28515946	body	4	4	181	Moreover, the number of consultation cases registered at the National Noise Information System operated by the Korea Environment Corporation under the Ministry of the Environment has continuously increased: 8795 cases in 2012, 18,524 in 2013, 20,641 in 2014, 19,278 in 2015 and finally, 2962 in January and February of 2016 [  ].	2.21	T	T	F	2.51851393987789	1.61278385671974	5.53615960099751	35	3	I	train	Background	1	Sec1	100.0	True	matched
PMC5433072	28515946	body	4	5	181	Commonly, FIS is classified into three categories, light weight impact sounds (e.g., sounds created when a light object is dropped, when furniture is dragged, etc.), heavy weight impact sounds (e.g., sounds created when children are running), and airborne sounds (e.g., sounds from the TV).	2.76	F	F	T	2.46389298898591	1.68124123737559	4.75583864118896	35	4	I	train	Background	1	Sec1	100.0	True	matched
PMC5433072	28515946	body	4	24	181	Participants were recruited with an advertisement posted at a university between April and May 2014, and 15 participants (10 men and 5 women) were included in the study.	13.26	F	T	F	2.23044892137827	1.39794000867204	5.35269709543568	36	0	M	train	Methods	2	Sec2	100.0	True	matched
PMC5433072	28515946	body	4	25	181	Written consent forms and questionnaires were distributed to participants during a visit 2 weeks prior to the experiment, wherein they were instructed to limit smoking and coffee consumption until the experiment and to not perform a high intensity exercise nor drink alcohol from 2 days before the experiment.	13.81	F	T	F	2.49136169383427	1.67209785793572	5.59652928416486	36	1	M	train	Methods	2	Sec2	100.0	True	matched
PMC5433072	28515946	body	4	26	181	The signed written consent form and the completed survey were collected on the day of experiment.	14.36	F	F	F	1.99122607569249	1.23044892137827	5.03105590062112	36	2	M	train	Methods	2	Sec2	100.0	True	matched
PMC5433072	28515946	body	4	27	181	Those with a hearing problem or illness, or those taking medication were excluded.	14.92	F	F	F	1.91907809237607	1.14612803567824	5.19083969465649	36	3	M	train	Methods	2	Sec2	100.0	True	matched
PMC5433072	28515946	body	4	28	181	The study was approved by the Ulsan University Hospital Institutional Review Board (UUH 2014-08-008).	15.47	F	T	T	2.00860017176192	1.14612803567824	5.64885496183206	36	4	M	train	Methods	2	Sec2	100.0	True	matched
PMC5433072	28515946	body	4	64	181	The general characteristics of subjects were showed in Table 1.	35.36	F	T	F	1.80617997398389	1.0	5.71428571428571	37	0	R	train	Results	3	Sec9	100.0	True	matched
PMC5433072	28515946	body	4	65	181	The average age of participants was 23.87 +- 1.68 years, and there were 10 men and 5 women.	35.91	F	T	F	1.96378782734556	1.14612803567824	4.42748091603053	37	1	R	train	Results	3	Sec9	100.0	True	matched
PMC5433072	28515946	body	4	66	181	No one had a notable medical history or hearing impairment.	36.46	F	F	F	1.77815125038364	1.04139268515822	4.85148514851485	37	2	R	train	Results	3	Sec9	100.0	True	matched
PMC5433072	28515946	body	4	67	181	Two participants were smokers, and 8 drank coffee on a daily basis.	37.02	F	T	F	1.83250891270624	1.07918124604762	4.77477477477477	37	3	R	train	Results	3	Sec9	100.0	True	matched
PMC5433072	28515946	body	4	68	181	Eleven participants were alcohol drinkers.	37.57	F	F	F	1.63346845557959	0.778151250383644	7.25490196078431	37	4	R	train	Results	3	Sec9	100.0	True	matched
PMC5433072	28515946	body	4	94	181	FIS is known to have the characteristics of a low frequency noise.	51.93	F	F	T	1.82607480270083	1.11394335230684	4.46280991735537	38	0	D	train	Discussion	4	Sec17	100.0	True	matched
PMC5433072	28515946	body	4	95	181	Low frequency noise (20-200 Hz) is common background noise in a city environment, typically generated by automobiles, airplanes, industry machinery, air conditioners, FIS, etc. and has a lower effect for noise reduction through the wearing of a hearing protection device or a wall, compared to other types of noise.	52.49	F	T	T	2.4996870826184	1.69019608002851	5.1975051975052	38	1	D	train	Discussion	4	Sec17	100.0	True	matched
PMC5433072	28515946	body	4	96	181	A low frequency noise of high intensity causes injury to the respiratory system and otalgia, but the effect of a low frequency noise of low intensity has not been clearly demonstrated.	53.04	F	F	F	2.26717172840301	1.50514997831991	4.88745980707395	38	2	D	train	Discussion	4	Sec17	100.0	True	matched
PMC5433072	28515946	body	4	97	181	Some studies have reported greater effects than other types of noise of the same level of intensity on annoyance, decreased linguistic comprehension, sleep disturbance, inability to focus, etc. [ ,  -  ].	53.59	T	F	F	2.31175386105575	1.46239799789896	5.72953736654804	38	3	D	train	Discussion	4	Sec17	100.0	True	matched
PMC5433072	28515946	body	4	98	181	To date, little research had been conducted, specifically on FIS compared to more general types of noise.	54.14	F	F	T	2.02530586526477	1.25527250510331	5.02923976608187	38	4	D	train	Discussion	4	Sec17	100.0	True	matched
PMC6440500	30949401	body	4	1	136	The 16K PRL is a 16-KDa N-terminal fragment of 23K prolactin (PRL).	0.74	F	T	T	1.83250891270624	1.14612803567824	3.43511450381679	40	0	I	train	Introduction	1	S001	100.0	True	matched
PMC6440500	30949401	body	4	2	136	PRL is a peptide hormone synthesized and secreted by the lactotroph cells of the anterior pituitary (Maurer  ).	1.47	T	F	T	2.04921802267018	1.25527250510331	5.26315789473684	40	1	I	train	Introduction	1	S001	100.0	True	matched
PMC6440500	30949401	body	4	3	136	Synthesis of PRL is not, however, limited to the pituitary, implying other roles for PRL, as numerous extra-pituitary sites of PRL expression have been identified, including the placenta (Lee and Markoff  ), lymphocytes (Pellegrini et al.  ), and breast cancer cells of epithelial origin (Ginsberg and Vonderhaar  ).	2.21	T	F	T	2.50105926221775	1.67209785793572	5.42299349240781	40	2	I	train	Introduction	1	S001	100.0	True	matched
PMC6440500	30949401	body	4	4	136	The 16K PRL isoform is produced as a result of proteolytic cleavage of PRL by cathepsin D, matrix metalloproteinases, or bone morphogenic protein (Clapp et al.  ).	2.94	T	T	T	2.2148438480477	1.43136376415899	4.90421455938697	40	3	I	train	Introduction	1	S001	100.0	True	matched
PMC6440500	30949401	body	4	5	136	The 16K PRL isoform has inhibitory effects on angiogenesis and tumorigenesis, whereas the major PRL isoform is involved in lactation and reproduction (Bernard et al.  ).	3.68	T	T	T	2.23044892137827	1.41497334797082	5.41832669322709	40	4	I	train	Introduction	1	S001	100.0	True	matched
PMC6440500	30949401	body	4	30	136	ICR mice at 2 months of age were purchased from the Daehan Animal Center and maintained with 14 h light, 10 h dark illumination at 23degC, and food and water ad libitum.	22.06	F	T	T	2.23044892137827	1.47712125471966	4.39862542955326	41	0	M	train	Materials and methods	2	S002	98.19	True	matched
PMC6440500	30949401	body	4	31	136	Plasmid pCMV-16k rPRL for injection was purified using a slightly modified alkaline lysis method (Ko et al.  ; Lee et al.  ).	22.79	T	T	T	2.10037054511756	1.34242268082221	4.40758293838863	41	1	M	train	Materials and methods	2	S002	98.19	True	matched
PMC6440500	30949401	body	4	32	136	To measure PRL mRNA ( Figure 1 ), muscle tissue and blood were harvested 4 days after a single injection of 200 mg pCMV-16k rPRL in 50 ml of 10% sucrose in saline.	23.53	F	T	T	2.2148438480477	1.44715803134222	4.20664206642066	41	2	M	train	Materials and methods	2	S002	98.19	True	matched
PMC6440500	30949401	body	4	33	136	For the angiogenesis study, two injections of pCMV-rPRL or pCMV-16K rPRL or pCMV-rPRL plus pCMV-16K rPRL were made 7 days apart into the quadriceps of male mice.	24.26	F	T	T	2.20951501454263	1.49136169383427	4.11960132890365	41	3	M	train	Materials and methods	2	S002	98.19	True	matched
PMC6440500	30949401	body	4	34	136	Testes were harvested at 8 weeks after injection ( Figure 2, Table 1 ).	25.0	F	T	F	1.85733249643127	1.0	5.6043956043956	41	4	M	train	Materials and methods	2	S002	98.19	True	matched
PMC6440500	30949401	body	4	73	136	In initial studies we asked whether intramuscular injection was an effective means of expressing 16K rPRL in mice.	53.68	F	T	T	2.06069784035361	1.27875360095283	5.19337016574586	42	0	R	train	Results	3	S003	100.0	True	matched
PMC6440500	30949401	body	4	74	136	Using RT-PCR and Southern blot analysis, 16K rPRL mRNA was detected in mouse muscle after injection of the pCMV-16K rPRL construct, and a PCR product of 487 bp was obtained ( Figure 1 (B)).	54.41	F	T	T	2.27875360095283	1.53147891704226	4.19939577039275	42	1	R	train	Results	3	S003	100.0	True	matched
PMC6440500	30949401	body	4	75	136	Subsequent hybridization with labeled rPRL cDNA confirmed that the PCR product was derived from 16K rPRL mRNA ( Figure 1 (C)).	55.15	F	T	T	2.10380372095596	1.30102999566398	5.13089005235602	42	2	R	train	Results	3	S003	100.0	True	matched
PMC6440500	30949401	body	4	76	136	The 16K rPRL was detected successfully by western blot using a His antibody in sera from mice that had been injected with the pCMV-16K rPRL plasmid containg the additional His tag ( Figure 1 (D)).	55.88	F	T	T	2.29446622616159	1.54406804435028	4.42815249266862	42	3	R	train	Results	3	S003	100.0	True	matched
PMC6440500	30949401	body	4	77	136	By this approach, 16K rPRL mRNA and protein were successfully expressed in muscle and secreted into the serum.	56.62	F	T	T	2.04532297878666	1.27875360095283	4.9171270718232	42	4	R	train	Results	3	S003	100.0	True	matched
PMC6440500	30949401	body	4	91	136	We have shown that direct injection of pCMV-16K rPRL plasmid into mouse muscle leads to the appearance of 16K rPRL mRNA and protein, and has a variety of consequences, including changes in testicular blood vessel, WBC number, estrous cycle, and testosterone production.	66.91	F	T	T	2.43136376415899	1.64345267648619	5.03480278422274	43	0	D	train	Discussion	4	S004	100.0	True	matched
PMC6440500	30949401	body	4	92	136	Until now, the role of 16K PRL has been poorly understood in vivo whereas PRL has been demonstrated to be required during lactation and reproduction.	67.65	F	T	T	2.17609125905568	1.41497334797082	4.8207171314741	43	1	D	train	Discussion	4	S004	100.0	True	matched
PMC6440500	30949401	body	4	93	136	Our findings indicate that 16K PRL isoform has integral functions in angiogenesis of the testis, WBC proliferation, and reproduction, in addition to its already known function in angiogenesis and endothelial cell proliferation (Bernard et al.  ).	68.38	T	T	T	2.39269695325967	1.55630250076729	5.72649572649573	43	2	D	train	Discussion	4	S004	100.0	True	matched
PMC6440500	30949401	body	4	94	136	Because the anti-angiogenic activity of 16K PRL is already known (Clapp et al.  ), we reinvestigated that of 16K rPRL using our research protocol.	69.12	T	T	T	2.16731733474818	1.39794000867204	4.64730290456431	43	3	D	train	Discussion	4	S004	100.0	True	matched
PMC6440500	30949401	body	4	95	136	The angiogenic activity of PRL was demonstrated using the same research protocol as previously used (Ko et al.  ; Lee et al.  ).	69.85	T	F	T	2.11058971029925	1.34242268082221	4.64454976303317	43	4	D	train	Discussion	4	S004	100.0	True	matched
PMC6421559	30957011	body	4	1	157	Hypokalemia is characterized by the potassium depletion from the body.	0.64	F	F	F	1.85125834871908	1.04139268515822	5.94059405940594	49	0	I	train	Introduction	1	Sec1	100.0	True	matched
PMC6421559	30957011	body	4	2	157	Patients receiving diuretics treatment, those suffering from diabetic ketoacidosis or primary and secondary hyperaldosteronism often experience hypokalemia (Cohn et al.,  ).	1.27	T	F	F	2.2405492482826	1.32221929473392	7.2636815920398	49	1	I	train	Introduction	1	Sec1	100.0	True	matched
PMC6421559	30957011	body	4	3	157	Potassium depletion due to these causes is usually accompanied by a concomitant loss of chloride.	1.91	F	F	F	1.99122607569249	1.20411998265592	5.43046357615894	49	2	I	train	Introduction	1	Sec1	100.0	True	matched
PMC6421559	30957011	body	4	4	157	Potassium chloride (KCl) is an electrolyte of choice for the treatment of hypokalemia as it can replenish potassium as well as chloride ions in the patients experiencing hypokalemia (Shen,  ; Gennari,  ).	2.55	T	F	T	2.31175386105575	1.49136169383427	5.41528239202658	49	3	I	train	Introduction	1	Sec1	100.0	True	matched
PMC6421559	30957011	body	4	5	157	Patients with hypokalemia typically require a dose between 40 and 100 mEq of potassium per day.	3.18	F	T	F	1.98227123303957	1.17609125905568	5.24822695035461	49	4	I	train	Introduction	1	Sec1	100.0	True	matched
PMC6421559	30957011	body	4	17	157	KCl, sucralose and cherry flavour, methyl paraben and propyl paraben were purchased from Analab Fine chem, Ltd., Pune, India. Talc (Luzenac pharma M) and titanium dioxide (Kronos 1171) were purchased from Signet Chemicals, Mumbai, India. Triethyl citrate was purchased from Loba Chemie, Mumbai, India. Silver nitrate (AgNO 3 ) was purchased from Merck chemicals, Mumbai.	10.83	F	T	T	2.56937390961505	1.72427586960079	5.56621880998081	50	0	M	train	Materials and methods	2	Sec2	100.0	True	matched
PMC6421559	30957011	body	4	18	157	India. Eudragit(r) E 100 (copolymer of dimethyl aminoethyl methacrylate, butyl methacrylate, and methyl methacrylate) was obtained as a gift sample from Evonik Industries, Mumbai, India. Avicel(r) CL 611 (Microcrystalline cellulose and carboxy methyl cellulose) was purchased from Hiranya cellulose products, Mumbai, India.	11.46	F	T	T	2.51054501020661	1.63346845557959	6.1520190023753	50	1	M	train	Materials and methods	2	Sec2	100.0	True	matched
PMC6421559	30957011	body	4	19	157	The coating solution was prepared by dissolving Eudragit E100 in the mixture of isopropyl alcohol and acetone (60:40 ratio).	12.1	F	T	F	2.09691001300806	1.27875360095283	5.24861878453039	50	2	M	train	Materials and methods	2	Sec2	100.0	True	matched
PMC6421559	30957011	body	4	20	157	Triethyl citrate (plasticizer) was added and dissolved in the solution of polymer.	12.74	F	F	F	1.91907809237607	1.11394335230684	5.6198347107438	50	3	M	train	Materials and methods	2	Sec2	100.0	True	matched
PMC6421559	30957011	body	4	21	157	Talc (anti-adherent) and titanium dioxide (opacifier) were passed through 80# sieve and dispersed slowly into the Eudragit solution under stirring to form a uniform suspension (Table 1 ).	13.38	F	T	F	2.27415784926368	1.43136376415899	5.67049808429119	50	4	M	train	Materials and methods	2	Sec2	100.0	True	matched
PMC6421559	30957011	body	4	78	157	Compositions C1, C2, C3 and C4 of coated KCl were obtained by using 4, 6, 10 and 15% w /w Eudragit E100 solutions respectively.	49.68	F	T	T	2.10720996964787	1.32221929473392	4.17910447761194	51	0	R	train	Results	3	Sec24	100.0	True	matched
PMC6421559	30957011	body	4	79	157	Though KCl is thermostable, the temperature of the fluid bed was kept below 45 degC to avoid exceeding glass transition temperature (Tg) of Eudragit E (Tg - 45-50 degC) (Malik et al.,  ).	50.32	T	T	T	2.27415784926368	1.47712125471966	4.67353951890034	51	1	R	train	Results	3	Sec24	100.0	True	matched
PMC6421559	30957011	body	4	80	157	Compositions C1-C3 (Eudragit E100: 4-10%) did not encounter any problems during fluid bed processing whereas fluid bed processing of composition C4 (15% Eudragit E100) resulted in the sticking of powder particles to the walls of fluid bed processor which resulted in the decrease in fluidization and overall inefficient coating process.	50.96	F	T	F	2.52762990087134	1.69897000433602	5.35641547861507	51	2	R	train	Results	3	Sec24	100.0	True	matched
PMC6421559	30957011	body	4	81	157	Assay of all the compositions of coated KCl was in the range of 98 to 101%.	51.59	F	T	T	1.88081359228079	1.17609125905568	3.75886524822695	51	3	R	train	Results	3	Sec24	100.0	True	matched
PMC6421559	30957011	body	4	82	157	Entrapment efficiency for composition C1-C4 was found to be 69.2 +- 0.3, 74.5 +- 0.2, 81.1 +- 0.4 and 84 +- 0.4% respectively indicating greater encapsulation efficiency of KCl with increase in the level of Eudragit E100 concentration in the coating trials.	52.23	F	T	T	2.41161970596323	1.50514997831991	5.53054662379421	51	4	R	train	Results	3	Sec24	100.0	True	matched
PMC6421559	30957011	body	4	112	157	Currently, KCl syrup is the only option available in India for paediatric and geriatric patients.	71.34	F	F	T	1.99122607569249	1.20411998265592	5.36423841059603	52	0	D	train	Discussion	4	Sec33	100.0	True	matched
PMC6421559	30957011	body	4	113	157	The taste of this formulation is considered unacceptable clinically.	71.97	F	F	F	1.83884909073726	1.0	6.48351648351648	52	1	D	train	Discussion	4	Sec33	100.0	True	matched
PMC6421559	30957011	body	4	114	157	While developing liquid oral formulations, taste masking of a drug is of paramount importance to enhance acceptance and compliance to the therapy by the patient (Faisal et al.,  ; Kaushik & Dureja,  ).	72.61	T	F	F	2.30535136944662	1.49136169383427	5.24916943521595	52	2	D	train	Discussion	4	Sec33	100.0	True	matched
PMC6421559	30957011	body	4	115	157	Depending on the extent of unacceptable taste, various approaches like addition of sweeteners, flavoring agents and viscosity builders (Thoke et al.,  ), complexation with cyclodextrins (Mahesh et al.,  ; Dinge & Nagarsenker,  ; Prabhakaran et al.,  ), granulation (Pawar & Joshi,  ), spray drying (Amelian et al.,  ), ion exchange resins (Kouchak et al.,  ), hot melt extrusion (Pimparade et al.,  ) or conversion to a prodrug (Karaman,  ) are employed for the taste-masking.	73.25	T	F	F	2.67851837904011	1.81291335664286	5.49141965678627	52	3	D	train	Discussion	4	Sec33	100.0	True	matched
PMC6421559	30957011	body	4	116	157	Microencapsulation is one of the leading techniques for the taste-masking of a variety of drugs.	73.89	F	F	F	1.98677173426624	1.23044892137827	4.96894409937888	52	4	D	train	Discussion	4	Sec33	100.0	True	matched
PMC5778155	29236172	body	4	1	120	The introduction of robotic devices in surgery has opened new options regarding complexity and outcome of surgery.	0.83	F	F	F	2.06069784035361	1.25527250510331	5.67251461988304	54	0	I	test	Introduction	1	Sec1	100.0	True	matched
PMC5778155	29236172	body	4	2	120	Especially radical oncological surgery [  ].	1.67	T	F	F	1.65321251377534	0.698970004336019	8.53658536585366	54	1	I	test	Introduction	1	Sec1	100.0	True	matched
PMC5778155	29236172	body	4	3	120	Complex radical oncological procedures can now easily and safely be performed laparoscopically, even in obese patients [ ,  ].	2.5	T	F	F	2.10380372095596	1.23044892137827	6.33540372670807	54	2	I	test	Introduction	1	Sec1	100.0	True	matched
PMC5778155	29236172	body	4	4	120	The number and types of robotic devices is increasing, thus far only the DaVinci (r) (Intuitive Surgical Industries, Sunnyvale, California, USA) has been marketed extensively.	3.33	F	F	T	2.24551266781415	1.41497334797082	5.65737051792829	54	3	I	test	Introduction	1	Sec1	100.0	True	matched
PMC5778155	29236172	body	4	5	120	These multifunctional systems clearly warrant special training to be versed in its use and to make full and safe use of all features.	4.17	F	F	F	2.12710479836481	1.38021124171161	4.76190476190476	54	4	I	test	Introduction	1	Sec1	100.0	True	matched
PMC5778155	29236172	body	4	14	120	In 2015 SERGS outlined a Pilot Curriculum for standardized education of robotic use in gynecological surgery.	11.67	F	T	T	2.04139268515822	1.20411998265592	5.89403973509934	55	0	M	test	Methods	2	Sec2	100.0	True	matched
PMC5778155	29236172	body	4	15	120	The final aim of this program was to test the feasibility and standardize an educational program, to verify if it was effective itself in evaluating a candidate s surgical performance and to assess its potential for use as an instrument for certification.	12.5	F	F	F	2.40823996531185	1.63346845557959	5.03562945368171	55	1	M	test	Methods	2	Sec2	100.0	True	matched
PMC5778155	29236172	body	4	16	120	The SERGS pilot curriculum was planned in the form of a fellowship program and aimed to increase robot-assisted surgical skills of selected fellows in moderate complex procedures.	13.33	F	F	T	2.25527250510331	1.46239799789896	5.37366548042705	55	2	M	test	Methods	2	Sec2	100.0	True	matched
PMC5778155	29236172	body	4	17	120	Hysterectomy and pelvic lymphadenectomy were chosen as index procedures as these procedures would commonly and basically form part of radical oncological surgery.	14.17	F	F	F	2.21218760440396	1.36172783601759	6.33484162895928	55	3	M	test	Methods	2	Sec2	100.0	True	matched
PMC5778155	29236172	body	4	18	120	After open invitation to all its members SERGS in May 2015 invited four large centers of excellence for robot-assisted surgery to participate and train as well as propose fellows.	15.0	F	T	T	2.25527250510331	1.47712125471966	4.98281786941581	55	4	M	test	Methods	2	Sec2	100.0	True	matched
PMC5778155	29236172	body	4	58	120	Four fellows altogether were elected to take part in the SERGS Pilot Curriculum for education in robotic gynecological surgery.	48.33	F	F	T	2.10720996964787	1.30102999566398	5.6544502617801	56	0	R	test	Results	3	Sec6	100.0	True	matched
PMC5778155	29236172	body	4	59	120	Their level of surgical experience ranged from junior resident to staff surgeon (see Supplementary Data, Tab. 3).	49.17	F	T	F	2.05690485133647	1.23044892137827	5.65217391304348	56	1	R	test	Results	3	Sec6	100.0	True	matched
PMC5778155	29236172	body	4	60	120	In the first part of the curriculum all candidates passed a didactic in-house training by online test modules and under supervision of their designated in-house proctors or by a host-instructor of the manufacturer.	50.0	F	F	F	2.3324384599156	1.56820172406699	4.93074792243767	56	2	R	test	Results	3	Sec6	100.0	True	matched
PMC5778155	29236172	body	4	61	120	At the end of part 1, they were all trained on the system, particularly on correct trocar placement and docking, insertion/exchange of instruments and troubleshooting of common technical problems.	50.83	F	T	F	2.29446622616159	1.47712125471966	5.56701030927835	56	3	R	test	Results	3	Sec6	100.0	True	matched
PMC5778155	29236172	body	4	62	120	Two candidates gained experience on the virtual reality DVSS during this part of the curriculum, but none had clinical robotic experience.	51.67	F	F	T	2.14301480025409	1.34242268082221	5.49763033175355	56	4	R	test	Results	3	Sec6	100.0	True	matched
PMC5778155	29236172	body	4	87	120	Regarding the ever-expanding use of robot-assisted surgery in the last decade, several studies emphasize the benefit of both virtual and in vivo-training for proper surgical performance when using a robot.	72.5	F	F	F	2.31386722036915	1.53147891704226	5.16616314199396	57	0	D	test	Discussion	4	Sec7	100.0	True	matched
PMC5778155	29236172	body	4	88	120	In a Pilot Study, the European Association of Urology showed feasibility of a 12-week structured training program for a definite procedure including virtual and mentored training in the operating room [  ].	73.33	T	T	F	2.31597034545692	1.49136169383427	5.54817275747508	57	1	D	test	Discussion	4	Sec7	100.0	True	matched
PMC5778155	29236172	body	4	89	120	In accordance with existing literature, results of this multi-institutional study show feasibility of a tri-sectional educational program with a first part in didactics and virtual training, a second part with intensified training in the meaning of wet-lab courses and under guidance of an expert mentor, and a third part with supervised competency-based robotic surgery at dedicated education centers.	74.17	F	F	F	2.60530504614111	1.79934054945358	5.42673107890499	57	2	D	test	Discussion	4	Sec7	100.0	True	matched
PMC5778155	29236172	body	4	90	120	Telephone video-conferencing proved useful for interim analysis of the curriculum, especially since structured training needs monitoring.	75.0	F	F	F	2.13987908640124	1.25527250510331	6.95906432748538	57	3	D	test	Discussion	4	Sec7	100.0	True	matched
PMC5778155	29236172	body	4	91	120	Our results show that the SERGS pilot curriculum is feasible and acceptable, as all fellows were content with their individual progress and their resulting status at their educational home institution.	75.83	F	F	T	2.30535136944662	1.49136169383427	5.64784053156146	57	4	D	test	Discussion	4	Sec7	100.0	True	matched
PMC5778155	29236172	body	4	119	120	Below is the link to the electronic supplementary material.	99.17	F	F	F	1.77815125038364	1.0	5.49450549450549	58	0	NoIMRaD	test	Electronic supplementary material	6		100.0	True	matched
PMC5778155	29236172	body	4	120	120	Supplementary material 1 (PDF 172 kb)	100.0	F	T	T	1.57978359661681	0.698970004336019	6.34146341463415	58	1	NoIMRaD	test	Electronic supplementary material	6		100.0	True	matched
PMC4570933	26213371	body	4	1	251	The concept of tissue engineering (TE) has led to the utilisation of 3D scaffolds as cell-delivery vehicles      .	0.4	T	T	T	2.06069784035361	1.27875360095283	4.80662983425414	60	0	I	train	Introduction	1	s0005	100.0	True	matched
PMC4570933	26213371	body	4	2	251	Ideally, these biomaterials should mimic the function of the extracellular matrix (ECM) which not only provides mechanical support for cells, but also supplies signals that direct cell attachment, proliferation, differentiation and metabolism  .	0.8	T	F	T	2.39093510710338	1.51851393987789	6.38629283489097	60	1	I	train	Introduction	1	s0005	100.0	True	matched
PMC4570933	26213371	body	4	3	251	The main objective of this research is to tailor the material properties of collagen-, gelatin- and collagen-gelatin-based scaffolds by changing their composition and crosslink status.	1.2	F	F	F	2.26717172840301	1.44715803134222	5.68265682656827	60	2	I	train	Introduction	1	s0005	100.0	True	matched
PMC4570933	26213371	body	4	4	251	Collagen (Col) and gelatin (Gel) were selected as the main components for 3D scaffolds since, in many senses; they are ideal materials for soft tissue engineering constructs.	1.59	F	T	F	2.24303804868629	1.44715803134222	5.1660516605166	60	3	I	train	Introduction	1	s0005	100.0	True	matched
PMC4570933	26213371	body	4	5	251	There is a considerable amount of literature in the field already       and these works are described are normally based on a standardised route for cross-linking    .	1.99	T	F	F	2.22530928172586	1.43136376415899	5.01915708812261	60	4	I	train	Introduction	1	s0005	100.0	True	matched
PMC4570933	26213371	body	4	33	251	Two type I microfibrillar collagens were used in this work.	13.15	F	F	F	1.77815125038364	1.04139268515822	4.85148514851485	61	0	M	train	Materials and methods	2	s0010	100.0	True	matched
PMC4570933	26213371	body	4	34	251	One was derived from bovine dermal tissue (purchased from DevroMedical) and the other from bovine Achilles tendon (obtained from Sigma-Aldrich Co. Ltd., UK).	13.55	F	F	T	2.19865708695442	1.39794000867204	5.22821576763485	61	1	M	train	Materials and methods	2	s0010	100.0	True	matched
PMC4570933	26213371	body	4	35	251	Gelatin (type B from bovine skin, Gel), acetic acid (2 M), 1-ethyl-3-(3-dimethylaminopropyl) carbodiimidehydrochloride (EDC), N-hydroxy-succinimide (NHS) were purchased from Sigma Aldrich (UK).	13.94	F	T	T	2.28780172993023	1.39794000867204	6.01659751037344	61	2	M	train	Materials and methods	2	s0010	100.0	True	matched
PMC4570933	26213371	body	4	36	251	Other reagents were all analytical grade, commercially available and used as received.	14.34	F	F	F	1.93951925261862	1.11394335230684	6.03305785123967	61	3	M	train	Materials and methods	2	s0010	100.0	True	matched
PMC4570933	26213371	body	4	37	251	Protein scaffolds (Col, Gel and Col/Gel = 50/50%-wt.)	14.74	F	T	F	1.73239375982297	0.954242509439325	4.07407407407407	61	4	M	train	Materials and methods	2	s0010	100.0	True	matched
PMC4570933	26213371	body	4	107	251	To assess the structural properties of collagen fibre architecture, two different tests were carried out: measurement of the apparent viscosity of 1% (w/v) slurries, which should provide information about molecular weight, and optical observation of collagen suspensions after being treated with fluorescently labelled GFOGER triple-helical peptide, using a confocal microscope.	42.63	F	T	T	2.57863920996807	1.7160033436348	6.20352250489237	62	0	R	train	Results	3	s0095	100.0	True	matched
PMC4570933	26213371	body	4	108	251	In order to gain insight into the macromolecular structure of collagen from different suppliers (Devro and Sigma), the rheological behaviour of 1% (w/v) suspensions in 0.05 M acetic acid was studied.	43.03	F	T	F	2.30102999566398	1.49136169383427	5.18272425249169	62	1	R	train	Results	3	s0095	100.0	True	matched
PMC4570933	26213371	body	4	109	251	Col-Gel suspensions prepared from both Col samples and pure Gel solution at 1% (w/v) were also tested under the same conditions.	43.43	F	T	F	2.11058971029925	1.36172783601759	4.57013574660633	62	2	R	train	Results	3	s0095	100.0	True	matched
PMC4570933	26213371	body	4	110	251	Fig. 1 a shows the apparent viscosity of both collagen suspensions as a function of the applied shear rate.	43.82	F	T	F	2.03342375548695	1.27875360095283	4.75138121546961	62	3	R	train	Results	3	s0095	100.0	True	matched
PMC4570933	26213371	body	4	111	251	It can be observed that the value of the initial apparent viscosity of Sigma Col is over ten times larger than that of Devro (180 and 12 Pa s, respectively) suggesting that Sigma Col has a higher molecular weight.	44.22	F	T	F	2.33041377334919	1.57978359661681	4.4743935309973	62	4	R	train	Results	3	s0095	100.0	True	matched
PMC4570933	26213371	body	4	203	251	Rheological and peptide binding studies indicate that significant differences exist in the fibre length and diameter of collagen depending upon its origin.	80.88	F	F	F	2.19312459835446	1.36172783601759	6.01809954751131	63	0	D	train	Discussion	4	s0140	100.0	True	matched
PMC4570933	26213371	body	4	204	251	The Sigma sample possesses a higher molecular weight with greater fibre diameter than that of Devro. Although both collagen samples are of bovine type, Sigma was extracted from bovine Achilles tendon, a high load tissue, particularly resistant to tension, while Devro was derived from dermal tissue, which is soft, flexible and only sustains lower loads.	81.27	F	F	F	2.55022835305509	1.7481880270062	5.2994555353902	63	1	D	train	Discussion	4	s0140	100.0	True	matched
PMC4570933	26213371	body	4	205	251	Tendon collagen can be extracted in quite good purity simply by dissection, whereas skin collagens require more complex processing, and tendon fibres are known to be quite long and of large diameter.	81.67	F	F	F	2.30102999566398	1.51851393987789	5.14018691588785	63	2	D	train	Discussion	4	s0140	100.0	True	matched
PMC4570933	26213371	body	4	206	251	These changes in tissue properties, as well as in extraction/purification methods, may explain the differences found in the macromolecular parameters and organisation of collagen chains of Sigma and Devro samples.	82.07	F	F	F	2.33041377334919	1.50514997831991	5.78778135048232	63	3	D	train	Discussion	4	s0140	100.0	True	matched
PMC4570933	26213371	body	4	207	251	This, in turn, may explain the differences in the material properties of scaffolds produced from these collagen samples, such as their degradation degree and resistance to compression.	82.47	F	F	F	2.26717172840301	1.44715803134222	5.68265682656827	63	4	D	train	Discussion	4	s0140	100.0	True	matched
PMC4422874	25539661	body	4	1	78	Chronic rhinosinusitis (CRS) is one of the most common human conditions, with an estimated prevalence of 12.5%,  greater than chronic back pain or diabetes .	1.28	T	T	T	2.19865708695442	1.38021124171161	5.28138528138528	65	0	I	train	Introduction	1	section5-0003489414565003	98.66	True	matched
PMC4422874	25539661	body	4	2	78	CRS generates annual direct health costs in excess $5.8 billion .	2.56	T	T	T	1.81954393554187	1.0	5.49450549450549	65	1	I	train	Introduction	1	section5-0003489414565003	98.66	True	matched
PMC4422874	25539661	body	4	3	78	The disease is often refractory to current pharmacological treatment with antibiotics and corticosteroids,  leaving many patients facing the choice of surgery or persistent symptoms.	3.85	T	F	F	2.26245108973043	1.39794000867204	6.47302904564315	65	2	I	train	Introduction	1	section5-0003489414565003	98.66	True	matched
PMC4422874	25539661	body	4	4	78	Despite this lack of efficacy, medical treatment has demonstrated little change during an era that has seen significant innovation in surgical management.	5.13	F	F	F	2.19033169817029	1.36172783601759	5.92760180995475	65	3	I	train	Introduction	1	section5-0003489414565003	98.66	True	matched
PMC4422874	25539661	body	4	5	78	However effective surgery may now be in the short term, a relatively high disease recurrence rate persists .	6.41	T	F	F	2.03742649794062	1.25527250510331	5.2046783625731	65	4	I	train	Introduction	1	section5-0003489414565003	98.66	True	matched
PMC4422874	25539661	body	4	12	78	Searches for commercially available cell lines were performed via the online catalogs of the American Type Culture Collection (ATCC) and European Collection of Cell Cultures (ECACC) using the search terms nasal, sinus, and human.	15.38	F	F	T	2.36172783601759	1.54406804435028	5.5425219941349	66	0	M	train	Materials and Methods	2	section6-0003489414565003	100.0	True	matched
PMC4422874	25539661	body	4	13	78	Searches yielded 1 relevant cell line, RPMI 2650, which was purchased and grown in standard laboratory cell culture conditions.	16.67	F	T	T	2.10720996964787	1.25527250510331	5.90643274853801	66	1	M	train	Materials and Methods	2	section6-0003489414565003	100.0	True	matched
PMC4422874	25539661	body	4	14	78	A vial of 2 x 10 6 cells was cultured as per the suppliers instructions (ATCC) in Sigma EMEM (M2279, Sigma UK, Dorset, UK) with 1% non-essential amino acids (NEAA) (7145, Sigma UK), plus 100 iu/ml penicillin/streptomycin (P0781, Sigma UK), 50 ml fetal calf serum (FCS) (F9665, Sigma UK), and 2 mM L-Glutamine (G7513, Sigma UK).	17.95	F	T	T	2.51587384371168	1.72427586960079	4.01151631477927	66	2	M	train	Materials and Methods	2	section6-0003489414565003	100.0	True	matched
PMC4422874	25539661	body	4	15	78	Cells were supplied at P26 and were amplified in T75 tissue culture flasks to generate sufficient cell numbers for our experiments.	19.23	F	T	F	2.12057393120585	1.34242268082221	5.02369668246445	66	3	M	train	Materials and Methods	2	section6-0003489414565003	100.0	True	matched
PMC4422874	25539661	body	4	16	78	Cells were grown as submerged monolayer cultures in tissue culture flasks for stimulation experiments and on 13 mm coverslips for imaging.	20.51	F	T	F	2.14301480025409	1.32221929473392	5.72139303482587	66	4	M	train	Materials and Methods	2	section6-0003489414565003	100.0	True	matched
PMC4422874	25539661	body	4	33	78	Primary nasal epithelial cells were successfully grown as monolayers from participants undergoing surgery for CRS.	42.31	F	F	T	2.06069784035361	1.20411998265592	6.55629139072848	67	0	R	train	Results	3	section11-0003489414565003	100.0	True	matched
PMC4422874	25539661	body	4	34	78	H&E staining of these cells demonstrated a typical confluent cell culture monolayer ( Figure 1A ).	43.59	F	T	F	1.99563519459755	1.20411998265592	5.16556291390728	67	1	R	train	Results	3	section11-0003489414565003	100.0	True	matched
PMC4422874	25539661	body	4	35	78	Confocal microscopy showed that cells stained strongly positive for the epithelial marker cytokeratin 17 (CK-17, Figure 2B ) and negatively for the mesenchymal or fibroblast marker vimentin ( Figure 2C ).	44.87	F	T	T	2.31175386105575	1.44715803134222	5.9409594095941	67	2	R	train	Results	3	section11-0003489414565003	100.0	True	matched
PMC4422874	25539661	body	4	36	78	In contrast, RPMI 2650 cells demonstrated different growth and cell-surface staining patterns compared to PNECs.	46.15	F	T	T	2.05307844348342	1.20411998265592	6.02649006622517	67	3	R	train	Results	3	section11-0003489414565003	100.0	True	matched
PMC4422874	25539661	body	4	37	78	RPMI 2650 cells grew in clusters and did not form typical epithelial confluent monolayers ( Figures 1B and 1C ).	47.44	F	T	T	2.05307844348342	1.25527250510331	4.91228070175439	67	4	R	train	Results	3	section11-0003489414565003	100.0	True	matched
PMC4422874	25539661	body	4	45	78	Chronic rhinosinusitis is a very common condition that consumes significant health resources worldwide.	57.69	F	F	F	2.01703333929878	1.14612803567824	6.87022900763359	68	0	D	train	Discussion	4	section14-0003489414565003	100.0	True	matched
PMC4422874	25539661	body	4	46	78	There are vast direct health expenditures from the medical and surgical treatments for this condition.	58.97	F	F	F	2.01283722470517	1.20411998265592	5.76158940397351	68	1	D	train	Discussion	4	section14-0003489414565003	100.0	True	matched
PMC4422874	25539661	body	4	47	78	The mainstay of medical treatment has not changed from corticosteroids and antibiotics over many decades, at a time that has seen significant advances in the medical management of similar inflammatory conditions.	60.26	F	F	F	2.32837960343874	1.50514997831991	5.78778135048232	68	2	D	train	Discussion	4	section14-0003489414565003	100.0	True	matched
PMC4422874	25539661	body	4	48	78	Sinusitis remains the fifth most common indication for an antibiotic to be prescribed,  yet antibiotics are not always effective.	61.54	T	F	F	2.11394335230684	1.30102999566398	5.6544502617801	68	3	D	train	Discussion	4	section14-0003489414565003	100.0	True	matched
PMC4422874	25539661	body	4	49	78	The position internationally of increasing antibiotic resistance and the slow progress in developing new antimicrobial agents  illustrate further the unmet need for better CRS treatments.	62.82	T	F	T	2.27415784926368	1.41497334797082	6.41434262948207	68	4	D	train	Discussion	4	section14-0003489414565003	100.0	True	matched
